BEGIN TRANSACTION;
INSERT INTO `value` (id,full_nvalue,index_nvalue,fvalue,mdx_extra) VALUES (1,'текущие расходы','текущие расходы','VALUE',NULL),
 (2,'приволжский','приволжский','08-3417',NULL),
 (3,'курская','курская','08-67710',NULL),
 (4,'бурятия','бурятия','08-67691',NULL),
 (5,'ингушетия','ингушетия','08-67649',NULL),
 (6,'калужская','калужская','08-67712',NULL),
 (7,'сахалинская','сахалинская','08-67704',NULL),
 (8,'чувашская','чувашская','08-67664',NULL),
 (9,'санкт-петербург','санкт-петербург','08-67639',NULL),
 (10,'кабардино-балкарская','кабардино-балкарская','08-67651',NULL),
 (11,'карачаево-черкесская','карачаево-черкесская','08-67638',NULL),
 (12,'оренбургская','оренбургская','08-67659',NULL),
 (13,'россия','россия рф','08-2',NULL),
 (14,'крымский','крымский','08-91128',NULL),
 (15,'воронежская','воронежская','08-67723',NULL),
 (16,'краснодарский','краснодарский','08-67644',NULL),
 (17,'центральный','центральный','08-19099',NULL),
 (18,'забайкальский','забайкальский','08-67729',NULL),
 (19,'карелия','карелия','08-67677',NULL),
 (20,'нижегородская','нижегородская','08-67656',NULL),
 (21,'приморский','приморский','08-67706',NULL),
 (22,'якутия','якутия','08-67642',NULL),
 (23,'москва','москва','08-67724',NULL),
 (24,'московская','московская','08-67709',NULL),
 (25,'хакасия','хакасия','08-67681',NULL),
 (26,'рязанская','рязанская','08-67720',NULL),
 (27,'новгородская','новгородская','08-67675',NULL),
 (28,'кемеровская','кемеровская','08-67689',NULL),
 (29,'алания','алания','08-67652',NULL),
 (30,'ставропольский','ставропольский','08-67654',NULL),
 (31,'калмыкия','калмыкия','08-67648',NULL),
 (32,'марий','марий','08-67666',NULL),
 (33,'адыгея','адыгея','08-67646',NULL),
 (34,'дагестан','дагестан','08-67643',NULL),
 (35,'ярославская','ярославская','08-67713',NULL),
 (36,'магаданская','магаданская','08-67703',NULL),
 (37,'ненецкий','ненецкий','08-67672',NULL),
 (38,'чечня','чечня','08-67650',NULL),
 (39,'севастополь','севастополь','08-93011',NULL),
 (40,'тюменская','тюменская','08-67697',NULL),
 (41,'брянская','брянская','08-67719',NULL),
 (42,'алтайский','алтайский','08-67688',NULL),
 (43,'ивановская','ивановская','08-67722',NULL),
 (44,'тува','тува','08-67683',NULL),
 (45,'архангельская','архангельская','08-67678',NULL),
 (46,'саратовская','саратовская','08-67665',NULL),
 (47,'сибирский','сибирский','08-12097',NULL),
 (48,'тыва','тыва','08-67683',NULL),
 (49,'белгородская','белгородская','08-67721',NULL),
 (50,'камчатский','камчатский','08-67728',NULL),
 (51,'челябинская','челябинская','08-67700',NULL),
 (52,'костромская','костромская','08-67714',NULL),
 (53,'владимирская','владимирская','08-67716',NULL),
 (54,'коми','коми','08-67673',NULL),
 (55,'чукотский','чукотский','08-67640',NULL),
 (56,'свердловская','свердловская','08-67698',NULL),
 (57,'ямало-ненецкий','ямало-ненецкий','08-67696',NULL),
 (58,'кировская','кировская','08-67663',NULL),
 (59,'дальневосточный','дальневосточный','08-17698',NULL),
 (60,'волгоградская','волгоградская','08-67647',NULL),
 (61,'ленинградская','ленинградская','08-67676',NULL),
 (62,'башкортостан','башкортостан','08-67655',NULL),
 (64,'ханты-мансийский','ханты-мансийский','08-67695',NULL),
 (65,'северо-западный','северо-западный','08-10249',NULL),
 (66,'самарская','самарская','08-67658',NULL),
 (67,'красноярский','красноярский','08-67694',NULL),
 (68,'тульская','тульская','08-67715',NULL),
 (69,'южный','южный','08-3',NULL),
 (70,'северо-кавказский','северо-кавказский','08-24604',NULL),
 (71,'байконур','байконур','08-93015',NULL),
 (72,'ульяновская','ульяновская','08-67660',NULL),
 (73,'смоленская','смоленская','08-67718',NULL),
 (74,'омская','омская','08-67687',NULL),
 (75,'югра','югра','08-67695',NULL),
 (76,'курганская','курганская','08-67699',NULL),
 (77,'вологодская','вологодская','08-67674',NULL),
 (78,'калининградская','калининградская','08-67670',NULL),
 (79,'хабаровский','хабаровский','08-67707',NULL),
 (80,'томская','томская','08-67692',NULL),
 (81,'мурманская','мурманская','08-67669',NULL),
 (82,'осетия','осетия','08-67652',NULL),
 (83,'пермский','пермский','08-67727',NULL),
 (84,'иркутская','иркутская','08-67682',NULL),
 (85,'татарстан','татарстан','08-67661',NULL),
 (86,'псковская','псковская','08-67671',NULL),
 (87,'астраханская','астраханская','08-67645',NULL),
 (88,'тамбовская','тамбовская','08-67725',NULL),
 (89,'еврейская','еврейская','08-67705',NULL),
 (90,'ставрополье','ставрополье','08-67654',NULL),
 (91,'тверская','тверская','08-67717',NULL),
 (92,'чеченская','чеченская','08-67650',NULL),
 (93,'новосибирская','новосибирская','08-67690',NULL),
 (94,'липецкая','липецкая','08-67711',NULL),
 (95,'амурская','амурская','08-67708',NULL),
 (96,'крым','крым','08-93010',NULL),
 (97,'уральский','уральский','08-16333',NULL),
 (98,'чувашия','чувашия','08-67664',NULL),
 (99,'орловская','орловская','08-67726',NULL),
 (100,'алтай','алтай','08-67684',NULL),
 (101,'мордовия','мордовия','08-67662',NULL),
 (102,'ростовская','ростовская','08-67653',NULL),
 (103,'пензенская','пензенская','08-67667',NULL),
 (104,'саха','саха','08-67642',NULL),
 (105,'удмуртская','удмуртская','08-67668',NULL),
 (150,'все уровни','все уровни','09-0',NULL),
 (151,'фед.бюджет','фед.бюджет','09-1',NULL),
 (152,'консолидированный бюджет субъекта и тгвф','консолидированный бюджет субъекта и тгвф','09-2',NULL),
 (153,'бюджет субъекта','бюджет субъекта','09-3',NULL),
 (154,'консолидированный бюджет мр','консолидированный бюджет мр','09-4',NULL),
 (155,'бюджет района','бюджет района','09-5',NULL),
 (156,'бюджет поселения','бюджет поселения','09-6',NULL),
 (157,'государственные внебюджетные фонды','государственные внебюджетные фонды','09-7',NULL),
 (158,'пенсионный фонд','пенсионный фонд','09-8',NULL),
 (159,'фонд соц.страхования','фонд соц.страхования','09-9',NULL),
 (160,'фед.фонд омс','фед.фонд омс','09-10',NULL),
 (161,'территор.фонды омс','территор.фонды омс','09-11',NULL),
 (162,'конс.бюджет субъекта рф','консолидированный бюджет субъекта рф','09-12',NULL),
 (163,'бюджет го','бюджет го','09-15',NULL),
 (164,'бюджет внутригородских мо','бюджет внутригородских мо','09-18',NULL),
 (165,'местный бюджет','местный бюджет','09-19',NULL),
 (166,'консолидированный бюджет рф без фондов','консолидированный бюджет рф без фондов','09-20',NULL),
 (167,'бюджет го с внутригородским делением','бюджет го с внутригородским делением','09-21',NULL),
 (168,'бюджет внутригородского района','бюджет внутригородского района','09-22',NULL),
 (169,'бюджет гп','бюджет гп','09-23',NULL),
 (170,'бюджет сп','бюджет сп','09-24',NULL),
 (172,'общегосударственные вопросы','общегосударственные вопросы','14-848223',NULL),
 (173,'функционирование президента российской федерации','функционирование президента','14-413272',NULL),
 (174,'функционирование высшего должностного лица субъекта российской федерации и муниципального образования','функционирование высшего должностного лица субъекта рф и муниципального образования','14-342647',NULL),
 (175,'функционирование законодательных представительных органов государственной власти и представительных органов муниципальных образований','функционирование законодательных представительных органов государственной власти и представительных органов муниципальных образований','14-413273',NULL),
 (176,'функционирование правительства российской федерации высших исполнительных органов государственной власти субъектов российской федерации местных администраций','функционирование правительства высших исполнительных органов государственной власти субъектов местных администраций','14-413274',NULL),
 (177,'судебная система','судебная система','14-413275',NULL),
 (178,'обеспечение деятельности финансовых налоговых и таможенных органов и органов финансового финансово-бюджетного надзора','обеспечение деятельности финансовых налоговых и таможенных органов и органов финансового финансово-бюджетного надзора','14-413276',NULL),
 (179,'обеспечение проведения выборов и референдумов','обеспечение проведения выборов и референдумов','14-413277',NULL),
 (180,'международные отношения и международное сотрудничество','международные отношения и международное сотрудничество','14-413278',NULL),
 (181,'государственный материальный резерв','государственный материальный резерв','14-413279',NULL),
 (182,'фундаментальные исследования','фундаментальные исследования','14-848224',NULL),
 (183,'резервные фонды','резервные фонды','14-413281',NULL),
 (184,'прикладные научные исследования в области общегосударственных вопросов','прикладные научные исследования в области общегосударственных вопросов','14-413282',NULL),
 (185,'другие общегосударственные вопросы','другие общегосударственные вопросы','14-848249',NULL),
 (186,'национальная оборона','национальная оборона','14-413284',NULL),
 (187,'вооруженные силы российской федерации','вс вооруженные силы','14-413285',NULL),
 (188,'мобилизационная и вневойсковая подготовка','мобилизационная и вневойсковая подготовка','14-413286',NULL),
 (189,'мобилизационная подготовка экономики','мобилизационная подготовка экономики','14-413287',NULL),
 (190,'ядерно-оружейный комплекс','ядерно-оружейный комплекс','14-413288',NULL),
 (191,'реализация международных обязательств в сфере военно-технического сотрудничества','реализация международных обязательств в сфере военно-технического сотрудничества','14-413289',NULL),
 (192,'прикладные научные исследования в области национальной обороны','прикладные научные исследования в области национальной обороны','14-413290',NULL),
 (193,'другие вопросы в области национальной обороны','другие вопросы в области национальной обороны','14-413291',NULL),
 (194,'национальная безопасность и правоохранительная деятельность','национальная безопасность и правоохранительная деятельность','14-850484',NULL),
 (195,'органы прокуратуры и следствия','органы прокуратуры и следствия','14-413293',NULL),
 (196,'органы внутренних дел','органы внутренних дел','14-413294',NULL),
 (197,'внутренние войска','внутренние войска','14-853732',NULL),
 (198,'органы юстиции','органы юстиции','14-413296',NULL),
 (199,'система исполнения наказаний','система исполнения наказаний','14-855436',NULL),
 (200,'органы безопасности','органы безопасности','14-854333',NULL),
 (201,'органы пограничной службы','органы пограничной службы','14-854342',NULL),
 (202,'органы по контролю за оборотом наркотических средств и психотропных веществ','органы по контролю за оборотом наркотических средств и психотропных веществ','14-854482',NULL),
 (203,'защита населения и территории от чрезвычайных ситуаций природного и техногенного характера гражданская оборона','защита населения и территории от чрезвычайных ситуаций природного и техногенного характера гражданская оборона','14-108129',NULL),
 (204,'обеспечение пожарной безопасности','обеспечение пожарной безопасности','14-852920',NULL),
 (205,'миграционная политика','миграционная политика','14-850760',NULL),
 (206,'модернизация внутренних войск спасательных воинских формирований федерального органа исполнительной власти уполномоченного на решение задач в области гражданской обороны а также правоохранительных и иных органов','модернизация внутренних войск спасательных воинских формирований федерального органа исполнительной власти уполномоченного на решение задач в области гражданской обороны а также правоохранительных и иных органов','14-1203368',NULL),
 (207,'прикладные научные исследования в области национальной безопасности и правоохранительной деятельности','прикладные научные исследования в области национальной безопасности и правоохранительной деятельности','14-853005',NULL),
 (208,'другие вопросы в области национальной безопасности и правоохранительной деятельности','другие вопросы в области национальной безопасности и правоохранительной деятельности','14-850485',NULL),
 (209,'национальная экономика','национальная экономика','14-848398',NULL),
 (210,'общеэкономические вопросы','общеэкономические вопросы','14-848399',NULL),
 (211,'топливно-энергетический комплекс','топливно-энергетический комплекс','14-1203160',NULL),
 (212,'исследование и использование космического пространства','исследование и использование космического пространства','14-850771',NULL),
 (213,'воспроизводство минерально-сырьевой базы','воспроизводство минерально-сырьевой базы','14-857652',NULL),
 (214,'сельское хозяйство и рыболовство','сельское хозяйство и рыболовство','14-850172',NULL),
 (215,'водное хозяйство','водное хозяйство','14-849065',NULL),
 (216,'лесное хозяйство','лесное хозяйство','14-849070',NULL),
 (217,'транспорт','транспорт','14-851151',NULL),
 (218,'дорожное хозяйство дорожные фонды','дорожное хозяйство дорожные фонды','14-1203167',NULL),
 (219,'связь и информатика','связь и информатика','14-1203168',NULL),
 (220,'прикладные научные исследования в области национальной экономики','прикладные научные исследования в области национальной экономики','14-1203169',NULL),
 (221,'другие вопросы в области национальной экономики','другие вопросы в области национальной экономики','14-848501',NULL),
 (222,'жилищно-коммунальное хозяйство','жкх жилищно-коммунальное хозяйство','14-848260',NULL),
 (223,'жилищное хозяйство','жилищное хозяйство','14-848261',NULL),
 (224,'коммунальное хозяйство','коммунальное хозяйство','14-850428',NULL),
 (225,'благоустройство','благоустройство','14-1203187',NULL),
 (226,'прикладные научные исследования в области жилищно-коммунального хозяйства','прикладные научные исследования в области жкх жилищно-коммунального хозяйства','14-881303',NULL),
 (227,'другие вопросы в области жилищно-коммунального хозяйства','другие вопросы в области жкх жилищно-коммунального хозяйства','14-849768',NULL),
 (228,'охрана окружающей среды','охрана окружающей среды','14-1203414',NULL),
 (229,'экологический контроль','экологический контроль','14-1203191',NULL),
 (230,'сбор удаление отходов и очистка сточных вод','сбор удаление отходов и очистка сточных вод','14-872910',NULL),
 (231,'охрана объектов растительного и животного мира и среды их обитания','охрана объектов растительного и животного мира и среды их обитания','14-872691',NULL),
 (232,'прикладные научные исследования в области охраны окружающей среды','прикладные научные исследования в области охраны окружающей среды','14-872714',NULL),
 (233,'другие вопросы в области охраны окружающей среды','другие вопросы в области охраны окружающей среды','14-848836',NULL),
 (234,'образование','образование','14-848266',NULL),
 (235,'дошкольное образование','дошкольное образование','14-848267',NULL),
 (236,'общее образование','общее образование','14-849320',NULL),
 (237,'начальное профессиональное образование','начальное профессиональное образование','14-343261',NULL),
 (238,'среднее профессиональное образование','среднее профессиональное образование','14-848274',NULL),
 (239,'профессиональная подготовка переподготовка и повышение квалификации','профессиональная подготовка переподготовка и повышение квалификации','14-849333',NULL),
 (240,'высшее и послевузовское профессиональное образование','высшее и послевузовское профессиональное образование','14-873227',NULL),
 (241,'молодежная политика и оздоровление детей','молодежная политика и оздоровление детей','14-850050',NULL),
 (242,'прикладные научные исследования в области образования','прикладные научные исследования в области образования','14-849520',NULL),
 (243,'другие вопросы в области образования','другие вопросы в области образования','14-849303',NULL),
 (244,'культура кинематография','культура кинематография','14-848294',NULL),
 (245,'культура','культура','14-848295',NULL),
 (246,'кинематография','кинематография','14-873473',NULL),
 (247,'прикладные научные исследования в области культуры кинематографии','прикладные научные исследования в области культуры кинематографии','14-873499',NULL),
 (248,'другие вопросы в области культуры кинематографии','другие вопросы в области культуры кинематографии','14-873512',NULL),
 (249,'здравоохранение','здравоохранение','14-848302',NULL),
 (250,'стационарная медицинская помощь','стационарная медицинская помощь','14-872659',NULL),
 (251,'амбулаторная помощь','амбулаторная помощь','14-848317',NULL),
 (252,'медицинская помощь в дневных стационарах всех типов','медицинская помощь в дневных стационарах всех типов','14-343881',NULL),
 (253,'скорая медицинская помощь','скорая медицинская помощь','14-108717',NULL),
 (254,'санаторно-оздоровительная помощь','санаторно-оздоровительная помощь','14-349151',NULL),
 (255,'заготовка переработка хранение и обеспечение безопасности донорской крови и ее компонентов','заготовка переработка хранение и обеспечение безопасности донорской крови и ее компонентов','14-349155',NULL),
 (256,'санитарно-эпидемиологическое благополучие','санитарно-эпидемиологическое благополучие','14-349159',NULL),
 (257,'прикладные научные исследования в области здравоохранения','прикладные научные исследования в области здравоохранения','14-849621',NULL),
 (258,'другие вопросы в области здравоохранения','другие вопросы в области здравоохранения','14-349163',NULL),
 (259,'социальная политика','социальная политика','14-848345',NULL),
 (260,'пенсионное обеспечение','пенсионное обеспечение','14-349188',NULL),
 (261,'социальное обслуживание населения','социальное обслуживание населения','14-349196',NULL),
 (262,'социальное обеспечение населения','социальное обеспечение населения','14-848346',NULL),
 (263,'охрана семьи и детства','охрана семьи и детства','14-874840',NULL),
 (264,'прикладные научные исследования в области социальной политики','прикладные научные исследования в области социальной политики','14-851908',NULL),
 (265,'другие вопросы в области социальной политики','другие вопросы в области социальной политики','14-849729',NULL),
 (266,'физическая культура и спорт','спорт','14-1203401',NULL),
 (267,'физическая культура','физическая культура','14-850455',NULL),
 (268,'массовый спорт','массовый спорт','14-866083',NULL),
 (269,'спорт высших достижений','спорт высших достижений','14-850952',NULL),
 (270,'прикладные научные исследования в области физической культуры и спорта','прикладные научные исследования в области спорта','14-413257',NULL),
 (271,'другие вопросы в области физической культуры и спорта','другие вопросы в области спорта','14-413258',NULL),
 (272,'средства массовой информации','сми средства массовой информации','14-413259',NULL),
 (273,'телевидение и радиовещание','телевидение и радиовещание','14-413260',NULL),
 (274,'периодическая печать и издательства','периодическая печать и издательства','14-851607',NULL),
 (275,'прикладные научные исследования в области средств массовой информации','прикладные научные исследования в области средств массовой информации','14-413262',NULL),
 (276,'другие вопросы в области средств массовой информации','другие вопросы в области средств массовой информации','14-413263',NULL),
 (277,'обслуживание государственного и муниципального долга','обслуживание государственного и муниципального долга','14-413264',NULL),
 (278,'обслуживание государственного внутреннего и муниципального долга','обслуживание государственного внутреннего и муниципального долга','14-413265',NULL),
 (279,'обслуживание государственного внешнего долга','обслуживание государственного внешнего долга','14-413266',NULL),
 (280,'межбюджетные трансферты общего характера бюджетам субъектов российской федерации и муниципальных образований','межбюджетные трансферты общего характера бюджетам субъектов муниципальных образований','14-413267',NULL),
 (281,'дотации на выравнивание бюджетной обеспеченности субъектов российской федерации и муниципальных образований','дотации на выравнивание бюджетной обеспеченности субъектов муниципальных образований','14-413268',NULL),
 (282,'иные дотации','иные дотации','14-413269',NULL),
 (283,'прочие межбюджетные трансферты общего характера','прочие межбюджетные трансферты общего характера','14-413270',NULL),
 (284,'код не определен','код не определен','14-1203208',NULL),
 (285,'условно утвержденные расходы','условно утвержденные расходы','14-1203195',NULL),
 (286,'расходы бюджета - итого','расходы бюджета','14-107937',NULL),
 (288,'процент распределения от доведенных ЛБО','процент распределения от доведенных ЛБО','DSTRCPDIV',NULL),
 (289,'процент распределения от росписи','процент распределения от росписи','PFPERCENTYRDST',NULL),
 (292,'итого по бк внутренние расчеты','итого по бк внутренние расчеты','16-849123',NULL),
 (293,'прочие субъектовые.','прочие субъектовые','16-848148',NULL),
 (294,'расходы на выплаты персоналу в целях обеспечения выполнения функций государственными (муниципальными) органами, казенными учреждениями, органами управления государственными внебюджетными фондами','расходы на выплаты персоналу в целях обеспечения выполнения функций государственными муниципальными органами','16-1231937',NULL),
 (295,'расходы на выплаты персоналу в целях обеспечения выполнения функций государственными (муниципальными) органами, казенными учреждениями, органами управления государственными внебюджетными фондами_внутренние расчеты','расходы на выплаты персоналу в целях обеспечения выполнения функций государственными муниципальными органами','16-1214856',NULL),
 (296,'расходы на выплаты персоналу казенных учреждений','расходы на выплаты персоналу казенных учреждений','16-1231938',NULL),
 (297,'расходы на выплаты персоналу казенных учреждений_внутренние расчеты','расходы на выплаты персоналу казенных учреждений внутренние расчеты','16-849143',NULL),
 (298,'фонд оплаты труда казенных учреждений','фонд оплаты труда казенных учреждений','16-1237824',NULL),
 (299,'иные выплаты персоналу казенных учреждений, за исключением фонда оплаты труда','иные выплаты персоналу казенных учреждений','16-1231939',NULL),
 (300,'иные выплаты, за исключением фонда оплаты труда казенных учреждений, лицам, привлекаемым согласно законодательству для выполнения отдельных полномочий','иные выплаты за исключением фонда оплаты труда казенных учреждений лицам отдельные полномочия','16-848134',NULL),
 (301,'взносы по обязательному социальному страхованию на выплаты по оплате труда работников и иные выплаты работникам казенных учреждений','взносы по обязательному социальному страхованию на выплаты по оплате труда работников и иные выплаты работникам казенных учреждений','16-1237936',NULL),
 (302,'расходы на выплаты персоналу государственных (муниципальных) органов','расходы на выплаты персоналу государственных муниципальных органов','16-1214857',NULL),
 (303,'расходы на выплаты персоналу государственных (муниципальных) органов_внутренние расчеты','расходы на выплаты персоналу государственных (муниципальных) органов_внутренние расчеты','16-849146',NULL),
 (304,'фонд оплаты труда государственных (муниципальных) органов','фонд оплаты труда государственных муниципальных органов','16-1204093',NULL),
 (305,'иные выплаты персоналу государственных (муниципальных) органов, за исключением фонда оплаты труда','иные выплаты персоналу государственных муниципальных органов за исключением фонда оплаты труда','16-1214868',NULL),
 (306,'иные выплаты, за исключением фонда оплаты труда государственных (муниципальных) органов, лицам, привлекаемым согласно законодательству для выполнения отдельных полномочий','иные выплаты за исключением фонда оплаты труда государственных муниципальных органов лицам отдельные полномочия','16-848129',NULL),
 (307,'взносы по обязательному социальному страхованию на выплаты денежного содержания и иные выплаты работникам государственных (муниципальных) органов','взносы по обязательному социальному страхованию на выплаты денежного содержания и иные выплаты работникам государственных муниципальных органов','16-1237938',NULL),
 (308,'расходы на выплаты персоналу в сфере национальной безопасности, правоохранительной деятельности и обороны','расходы на выплаты персоналу в сфере национальной безопасности, правоохранительной деятельности и обороны','16-1200757',NULL),
 (309,'расходы на выплаты персоналу в сфере национальной безопасности, правоохранительной деятельности и обороны_внутренние расчеты','расходы на выплаты персоналу в сфере национальной безопасности, правоохранительной деятельности и обороны внутренние расчеты','16-849187',NULL),
 (310,'денежное довольствие военнослужащих и сотрудников, имеющих специальные звания','денежное довольствие военнослужащих и сотрудников имеющих специальные звания','16-1233871',NULL),
 (311,'дополнительное денежное стимулирование военнослужащих и приравненных к ним лиц','дополнительное денежное стимулирование военнослужащих и приравненных к ним лиц','16-848380',NULL),
 (312,'расходы на выплаты военнослужащим и сотрудникам, имеющим специальные звания, зависящие от размера денежного довольствия','расходы на выплаты военнослужащим и сотрудникам имеющим специальные звания зависящие от размера денежного довольствия','16-848095',NULL),
 (313,'иные выплаты персоналу и сотрудникам, имеющим специальные звания','иные выплаты персоналу и сотрудникам, имеющим специальные звания','16-1211424',NULL),
 (314,'взносы по обязательному социальному страхованию на выплаты по оплате труда лиц, принимаемых на должности стажеров','взносы по обязательному социальному страхованию на выплаты по оплате труда лиц принимаемых на должности стажеров','16-1237937',NULL),
 (315,'расходы на выплаты персоналу государственных внебюджетных фондов','расходы на выплаты персоналу государственных внебюджетных фондов','16-848166',NULL),
 (316,'расходы на выплаты персоналу государственных внебюджетных фондов_внутренние расчеты','расходы на выплаты персоналу государственных внебюджетных фондов внутренние расчеты','16-1237955',NULL),
 (317,'фонд оплаты труда государственных внебюджетных фондов','фонд оплаты труда государственных внебюджетных фондов','16-848351',NULL),
 (318,'иные выплаты персоналу, за исключением фонда оплаты труда','иные выплаты персоналу за исключением фонда оплаты труда','16-848142',NULL),
 (319,'взносы по обязательному социальному страхованию на выплаты по оплате труда работников и иные выплаты работникам государственных внебюджетных фондов','взносы по обязательному социальному страхованию на выплаты по оплате труда работников и иные выплаты работникам государственных внебюджетных фондов','16-1237935',NULL),
 (320,'прочие: расходы на выплаты персоналу в целях обеспечения выполнения функций государственными (муниципальными) органами, казенными учреждениями, органами управления государственными внебюджетными фондами','прочие расходы на выплаты персоналу в целях обеспечения выполнения функций государственными муниципальными органами казенными учреждениями органами управления государственными внебюджетными фондами','16-848189',NULL),
 (321,'закупка товаров, работ и услуг для обеспечения государственных (муниципальных) нужд','закупка товаров работ и услуг для обеспечения государственных муниципальных нужд','16-1234676',NULL),
 (322,'закупка товаров, работ и услуг для обеспечения государственных (муниципальных) нужд_внутренние расчеты','закупка товаров, работ и услуг для обеспечения государственных муниципальных нужд внутренние расчеты','16-1214860',NULL),
 (323,'разработка, закупка и ремонт вооружений, военной и специальной техники, продукции производственно-технического назначения и имущества','разработка закупка ремонт вооружений военной и специальной техники','16-848146',NULL),
 (324,'разработка, закупка и ремонт вооружений, военной и специальной техники, продукции производственно-технического назначения и имущества_внутренние расчеты','разработка закупка ремонт вооружений военной внутренние расчеты','16-849148',NULL),
 (325,'закупка вооружений, военной и специальной техники, продукции производственно-технического назначения и имущества в рамках государственного оборонного заказа в целях обеспечения государственной программы вооружения','закупка вооружений военной государственный оборонный заказ государственная программа вооружения','16-848162',NULL),
 (326,'закупка вооружений, военной и специальной техники, продукции производственно-технического назначения и имущества в рамках государственного оборонного заказа вне рамок государственной программы вооружения','закупка вооружений военной государственный оборонный заказ','16-848346',NULL),
 (327,'закупка товаров, работ и услуг для обеспечения государственных нужд в области геодезии и картографии в рамках государственного оборонного заказа','закупка товаров работ и услуг для обеспечения государственных нужд в области геодезии и картографии государственный оборонный заказ','16-848169',NULL),
 (328,'ремонт вооружений, военной и специальной техники, продукции производственно-технического назначения и имущества в рамках государственного оборонного заказа в целях обеспечения государственной программы вооружения','ремонт вооружений военной специальной техники имущества  государственный оборонный заказ государственная программа вооружения','16-848120',NULL),
 (329,'ремонт вооружений, военной и специальной техники, продукции производственно-технического назначения и имущества в рамках государственного оборонного заказа вне рамок государственной программы вооружения','ремонт вооружений военной и специальной техники государственный оборонный заказ вне рамок государственной программы вооружения','16-848153',NULL),
 (330,'фундаментальные исследования в интересах национальной обороны, национальной безопасности и правоохранительной деятельности в рамках государственного оборонного заказа в целях обеспечения государственной программы вооружения','фундаментальные исследования в интересах национальной обороны, национальной безопасности и правоохранительной деятельности в рамках государственного оборонного заказа в целях обеспечения государственной программы вооружения','16-848338',NULL),
 (331,'исследования в области разработки вооружений, военной и специальной техники, продукции производственно-технического назначения в рамках государственного оборонного заказа в целях обеспечения государственной программы вооружения','исследования в области разработки вооружений военной и специальной техники государственный оборонный заказ  государственная программа вооружения','16-848100',NULL),
 (332,'исследования в области разработки вооружений, военной и специальной техники, продукции производственно-технического назначения в рамках государственного оборонного заказа вне рамок государственной программы вооружения','исследования в области разработки вооружений военной и специальной техники государственный оборонный заказ ','16-848107',NULL),
 (333,'закупка работ и услуг в целях обеспечения мероприятий в рамках государственного оборонного заказа','закупка работ и услуг в целях обеспечения мероприятий в рамках государственного оборонного заказа','16-848108',NULL),
 (334,'закупка товаров, работ и услуг для обеспечения специальным топливом и горюче-смазочными материалами, продовольственного и вещевого обеспечения органов в сфере национальной безопасности, правоохранительной деятельности и обороны','закупка товаров работ и услуг для обеспечения специальным топливом и горюче-смазочными материалами, продовольственного и вещевого обеспечения органов в сфере национальной безопасности правоохранительной деятельности и обороны','16-848118',NULL),
 (335,'закупка товаров, работ и услуг для обеспечения специальным топливом и горюче-смазочными материалами, продовольственного и вещевого обеспечения органов в сфере национальной безопасности, правоохранительной деятельности и обороны_внутренние расчеты','закупка товаров работ услуг для обеспечения специальным топливом и горюче-смазочными материалами продовольственного и вещевого национальной безопасности внутренние расчеты','16-849145',NULL),
 (336,'обеспечение специальным топливом и горюче-смазочными материалами в рамках государственного оборонного заказа','обеспечение специальным топливом и горюче-смазочными материалами государственный оборонный заказ','16-848163',NULL),
 (337,'обеспечение специальным топливом и горюче-смазочными материалами вне рамок государственного оборонного заказа','обеспечение специальным топливом и горюче-смазочными материалами вне рамок государственного оборонного заказа','16-1233889',NULL),
 (338,'продовольственное обеспечение в рамках государственного оборонного заказа','продовольственное обеспечение в рамках государственного оборонного заказа','16-848331',NULL),
 (339,'продовольственное обеспечение вне рамок государственного оборонного заказа','продовольственное обеспечение вне рамок государственного оборонного заказа','16-848147',NULL),
 (340,'вещевое обеспечение в рамках государственного оборонного заказа','вещевое обеспечение в рамках государственного оборонного заказа','16-848345',NULL),
 (341,'вещевое обеспечение вне рамок государственного оборонного заказа','вещевое обеспечение вне рамок государственного оборонного заказа','16-848337',NULL),
 (342,'закупка товаров, работ и услуг в целях формирования государственного материального резерва','закупка товаров работ услуг формирование государственного материального резерва','16-848141',NULL),
 (343,'закупка товаров, работ и услуг в целях формирования государственного материального резерва_внутренние расчеты','закупка товаров работ услуг в целях формирования государственного материального резерва внутренние расчеты','16-849189',NULL),
 (344,'закупка товаров, работ, услуг в целях формирования государственного материального резерва в рамках государственного оборонного заказа','закупка товаров работ услуг в целях формирования государственного материального резерва государственный оборонный заказ','16-848125',NULL),
 (345,'закупка товаров, работ, услуг в целях обеспечения формирования государственного материального резерва, резервов материальных ресурсов','закупка товаров работ услуг в целях обеспечения формирования государственного материального резерва материальных ресурсов','16-848130',NULL),
 (346,'иные закупки товаров, работ и услуг для обеспечения государственных (муниципальных) нужд','иные закупки товаров работ и услуг для обеспечения государственных муниципальных нужд','16-848101',NULL),
 (347,'иные закупки товаров, работ и услуг для обеспечения государственных (муниципальных) нужд_внутренние расчеты','иные закупки товаро, работ и услуг для обеспечения государственных муниципальных нужд внутренние расчеты','16-849147',NULL),
 (348,'научно-исследовательские и опытно-конструкторские работы','научно-исследовательские и опытно-конструкторские работы','16-1230778',NULL),
 (349,'закупка товаров, работ, услуг в сфере информационно-коммуникационных технологий','закупка товаров работ услуг в сфере икт информационно-коммуникационных технологий','16-1204107',NULL),
 (350,'закупка товаров, работ, услуг в целях капитального ремонта государственного (муниципального) имущества','закупка товаров работ услуг в целях капитального ремонта государственного муниципального имущества','16-1210135',NULL),
 (351,'прочая закупка товаров, работ и услуг для обеспечения государственных (муниципальных) нужд','прочая закупка товаров работ и услуг для обеспечения государственных муниципальных нужд','16-1204097',NULL),
 (352,'закупка товаров, работ и услуг для обеспечения государственных (муниципальных) нужд в области геодезии и картографии вне рамок государственного оборонного заказа','закупка товаров, работ и услуг для обеспечения государственных муниципальных нужд в области геодезии и картографии','16-849055',NULL),
 (353,'прочие: закупка товаров, работ и услуг для государственных (муниципальных) нужд','прочие закупка товаров, работ и услуг для государственных муниципальных нужд','16-848359',NULL),
 (354,'социальное обеспечение и иные выплаты населению','социальное обеспечение и иные выплаты населению','16-1237815',NULL),
 (355,'социальное обеспечение и иные выплаты населению_внутренние расчеты','социальное обеспечение и иные выплаты населению внутренние расчеты','16-849035',NULL),
 (356,'публичные нормативные социальные выплаты гражданам','публичные нормативные социальные выплаты гражданам','16-848336',NULL),
 (357,'публичные нормативные социальные выплаты гражданам_внутренние расчеты','публичные нормативные социальные выплаты гражданам внутренние расчеты','16-849185',NULL),
 (358,'пенсии, выплачиваемые по пенсионному страхованию населения','пенсии выплачиваемые по пенсионному страхованию населения','16-848364',NULL),
 (359,'иные пенсии, социальные доплаты к пенсиям','иные пенсии социальные доплаты к пенсиям','16-1211651',NULL),
 (360,'пособия, компенсации, меры социальной поддержки по публичным нормативным обязательствам','пособия компенсации меры социальной поддержки по публичным нормативным обязательствам','16-848110',NULL),
 (361,'меры социальной поддержки населения по публичным нормативным обязательствам','меры социальной поддержки населения по публичным нормативным обязательствам','16-848109',NULL),
 (362,'социальные выплаты гражданам, кроме публичных нормативных социальных выплат','социальные выплаты гражданам','16-1237934',NULL),
 (363,'социальные выплаты гражданам, кроме публичных нормативных социальных выплат_внутренние расчеты','социальные выплаты гражданам внутренние расчеты','16-849164',NULL),
 (364,'пособия, компенсации и иные социальные выплаты гражданам, кроме публичных нормативных обязательств','пособия компенсации иные социальные выплаты гражданам кроме публичных нормативных обязательств','16-848155',NULL),
 (365,'субсидии гражданам на приобретение жилья','субсидии гражданам на приобретение жилья','16-848368',NULL),
 (366,'приобретение товаров, работ, услуг в пользу граждан в целях их социального обеспечения','приобретение товаров, работ, услуг в пользу граждан в целях их социального обеспечения','16-1216476',NULL),
 (367,'публичные нормативные выплаты гражданам несоциального характера','публичные нормативные выплаты гражданам несоциального характера','16-1228374',NULL),
 (368,'стипендии','стипендии','16-1236334',NULL),
 (369,'премии и гранты','премии и гранты','16-848353',NULL),
 (370,'иные выплаты населению','иные выплаты населению','16-1237816',NULL),
 (371,'прочие: социальное обеспечение и иные выплаты населению','прочие социальное обеспечение и иные выплаты населению','16-848365',NULL),
 (372,'капитальные вложения в объекты государственной (муниципальной) собственности','капитальные вложения в объекты государственной муниципальной собственности','16-848096',NULL),
 (373,'капитальные вложения в объекты государственной (муниципальной) собственности_внутренние расчеты','капитальные вложения в объекты государственной муниципальной собственности внутренние расчеты','16-1216769',NULL),
 (374,'бюджетные инвестиции','бюджетные инвестиции','16-1231942',NULL),
 (375,'бюджетные инвестиции_внутренние расчеты','бюджетные инвестиции внутренние расчеты','16-849144',NULL),
 (376,'бюджетные инвестиции на приобретение объектов недвижимого имущества в федеральную собственность в рамках государственного оборонного заказа','бюджетные инвестиции на приобретение объектов недвижимого имущества в федеральную собственность в рамках государственного оборонного заказа','16-848105',NULL),
 (377,'бюджетные инвестиции на приобретение объектов недвижимого имущества в государственную (муниципальную) собственность','бюджетные инвестиции на приобретение объектов недвижимого имущества в государственную (муниципальную) собственность','16-848362',NULL),
 (378,'бюджетные инвестиции в объекты капитального строительства в рамках государственного оборонного заказа','бюджетные инвестиции в объекты капитального строительства в рамках государственного оборонного заказа','16-848112',NULL),
 (379,'бюджетные инвестиции в объекты капитального строительства государственной (муниципальной) собственности','бюджетные инвестиции в объекты капитального строительства государственной муниципальной собственности','16-1231943',NULL),
 (380,'бюджетные инвестиции в соответствии с концессионными соглашениями','бюджетные инвестиции в соответствии с концессионными соглашениями','16-848117',NULL),
 (381,'капитальные вложения на приобретение объектов недвижимого имущества государственными (муниципальными) учреждениями','капитальные вложения на приобретение объектов недвижимого имущества государственными муниципальными учреждениями','16-1237940',NULL),
 (382,'капитальные вложения на строительство объектов недвижимого имущества государственными (муниципальными) учреждениями','капитальные вложения на строительство объектов недвижимого имущества государственными муниципальными учреждениями','16-1237941',NULL),
 (383,'бюджетные инвестиции в объекты государственной собственности государственным унитарным предприятиям','бюджетные инвестиции в объекты государственной собственности государственным унитарным предприятиям','16-848175',NULL),
 (384,'бюджетные инвестиции в объекты государственной собственности государственным унитарным предприятиям, основанным на праве оперативного управления','бюджетные инвестиции в объекты государственной собственности государственным унитарным предприятиям','16-848140',NULL),
 (385,'бюджетные инвестиции в объекты государственной собственности государственным унитарным предприятиям, основанным на праве хозяйственного ведения','бюджетные инвестиции в объекты государственной собственности государственным унитарным предприятиям основанным на праве хозяйственного ведения','16-848334',NULL),
 (386,'бюджетные инвестиции в объекты государственных внебюджетных фондов','бюджетные инвестиции в объекты государственных внебюджетных фондов','16-848104',NULL),
 (387,'бюджетные инвестиции на приобретение объектов недвижимого имущества','бюджетные инвестиции на приобретение объектов недвижимого имущества','16-848152',NULL),
 (388,'бюджетные инвестиции на приобретение объектов недвижимого имущества казенным учреждениям','бюджетные инвестиции на приобретение объектов недвижимого имущества казенным учреждениям','16-848098',NULL),
 (389,'бюджетные инвестиции на приобретение объектов недвижимого имущества бюджетным учреждениям','бюджетные инвестиции на приобретение объектов недвижимого имущества бюджетным учреждениям','16-848161',NULL),
 (390,'бюджетные инвестиции на приобретение объектов недвижимого имущества автономным учреждениям','бюджетные инвестиции на приобретение объектов недвижимого имущества автономным учреждениям','16-848188',NULL),
 (391,'бюджетные инвестиции на приобретение объектов недвижимого имущества государственным унитарным предприятиям, основанным на праве оперативного управления','бюджетные инвестиции на приобретение объектов недвижимого имущества государственным унитарным предприятиям основанным на праве оперативного управления','16-848349',NULL),
 (392,'бюджетные инвестиции на приобретение объектов недвижимого имущества государственным унитарным предприятиям, основанным на праве хозяйственного ведения','бюджетные инвестиции на приобретение объектов недвижимого имущества государственным унитарным предприятиям основанным на праве хозяйственного ведения','16-848171',NULL),
 (393,'бюджетные инвестиции на приобретение объектов недвижимого имущества государственным внебюджетным фондам','бюджетные инвестиции на приобретение объектов недвижимого имущества государственным внебюджетным фондам','16-848381',NULL),
 (394,'бюджетные инвестиции иным юридическим лицам','бюджетные инвестиции иным юридическим лицам','16-848179',NULL),
 (395,'бюджетные инвестиции иным юридическим лицам_внутренние расчеты','бюджетные инвестиции иным юридическим лицам внутренние расчеты','16-849190',NULL),
 (396,'бюджетные инвестиции иным юридическим лицам в объекты капитального строительства','бюджетные инвестиции иным юридическим лицам в объекты капитального строительства','16-848133',NULL),
 (397,'бюджетные инвестиции иным юридическим лицам, за исключением бюджетных инвестиций в объекты капитального строительства','бюджетные инвестиции иным юридическим лицам за исключением бюджетных инвестиций в объекты капитального строительства','16-848137',NULL),
 (398,'субсидии бюджетным и автономным учреждениям, государственным (муниципальным) унитарным предприятиям на осуществление капитальных вложений в объекты капитального строительства государственной (муниципальной) собственности или приобретение объектов недвижимого имущества в государственную (муниципальную) собственность','субсидии бюджетным и автономным учреждениям, государственным муниципальным унитарным предприятиям на осуществление капитальных вложений в объекты капитального строительства собственности приобретение объектов недвижимого имущества','16-848339',NULL),
 (399,'субсидии бюджетным и автономным учреждениям, государственным (муниципальным) унитарным предприятиям на осуществление капитальных вложений в объекты капитального строительства государственной (муниципальной) собственности или приобретение объектов недвижимого имущества в государственную (муниципальную) собственность_внутренние расчеты','субсидии бюджетным и автономным учреждениям государственным муниципальным унитарным предприятиям на осуществление капитальных вложений строительства собственности или приобретение объектов недвижимого имущества собственность внутренние расчеты','16-849166',NULL),
 (400,'субсидии на приобретение объектов недвижимого имущества в государственную (муниципальную) собственность бюджетным учреждениям','субсидии на приобретение объектов недвижимого имущества в государственную муниципальную собственность бюджетным учреждениям','16-848157',NULL),
 (401,'субсидии на приобретение объектов недвижимого имущества в государственную (муниципальную) собственность автономным учреждениям','субсидии на приобретение объектов недвижимого имущества в государственную муниципальную собственность автономным учреждениям','16-848114',NULL),
 (402,'субсидии на приобретение объектов недвижимого имущества в государственную (муниципальную) собственность государственным (муниципальным) унитарным предприятиям','субсидии на приобретение объектов недвижимого имущества в государственную муниципальную собственность государственным 
муниципальным унитарным предприятиям','16-848158',NULL),
 (403,'субсидии на осуществление капитальных вложений в объекты капитального строительства государственной (муниципальной) собственности бюджетным учреждениям','субсидии на осуществление капитальных вложений в объекты капитального строительства государственной муниципальной собственности бюджетным учреждениям','16-1229622',NULL),
 (404,'субсидии на осуществление капитальных вложений в объекты капитального строительства государственной (муниципальной) собственности автономным учреждениям','субсидии на осуществление капитальных вложений в объекты капитального строительства государственной муниципальной собственности автономным учреждениям','16-848348',NULL),
 (405,'субсидии на осуществление капитальных вложений в объекты капитального строительства государственной (муниципальной) собственности государственным (муниципальным) унитарным предприятиям','субсидии на осуществление капитальных вложений в объекты капитального строительства государственной муниципальной собственности государственным муниципальным унитарным предприятиям','16-848374',NULL),
 (406,'прочие: капитальные вложения в объекты недвижимого имущества государственной (муниципальной) собственности','прочие капитальные вложения в объекты недвижимого имущества государственной муниципальной собственности','16-848102',NULL),
 (407,'межбюджетные трансферты','межбюджетные трансферты','16-1230760',NULL),
 (408,'межбюджетные трансферты_внутренние расчеты','межбюджетные трансферты внутренние расчеты','16-1205921',NULL),
 (409,'дотации','дотации','16-848342',NULL),
 (410,'дотации_внутренние расчеты','дотации внутренние расчеты','16-849183',NULL),
 (411,'дотации на выравнивание бюджетной обеспеченности','дотации на выравнивание бюджетной обеспеченности','16-1232299',NULL),
 (412,'иные дотации','иные дотации','16-848372',NULL),
 (413,'дотации бюджетам закрытых административно-территориальных образований, связанные со статусом закрытых административно-территориальных образований','дотации бюджетам закрытых административно-территориальных образований','16-848145',NULL),
 (414,'дотации бюджету города байконура','дотации бюджету города байконура','16-848178',NULL),
 (415,'субсидии','субсидии','16-848343',NULL),
 (416,'субсидии_внутренние расчеты','субсидии внутренние расчеты','16-849167',NULL),
 (417,'субсидии, за исключением субсидий на софинансирование капитальных вложений в объекты государственной (муниципальной) собственности','субсидии за исключением субсидий на софинансирование капитальных вложений в объекты государственной муниципальной собственности','16-848143',NULL),
 (418,'субсидии на софинансирование капитальных вложений в объекты государственной (муниципальной) собственности','субсидии на софинансирование капитальных вложений в объекты государственной муниципальной собственности','16-848370',NULL),
 (419,'субвенции','субвенции','16-848144',NULL),
 (420,'иные межбюджетные трансферты','иные межбюджетные трансферты','16-1230761',NULL),
 (421,'межбюджетные трансферты бюджету фонда социального страхования российской федерации','межбюджетные трансферты бюджету фонда социального страхования российской федерации','16-848119',NULL),
 (422,'межбюджетные трансферты бюджету федерального фонда обязательного медицинского страхования','межбюджетные трансферты бюджету федерального фонда обязательного медицинского страхования','16-1209794',NULL),
 (423,'межбюджетные трансферты бюджету пенсионного фонда российской федерации','межбюджетные трансферты бюджету пенсионного фонда','16-848154',NULL),
 (424,'межбюджетные трансферты бюджетам территориальных фондов обязательного медицинского страхования','межбюджетные трансферты бюджетам территориальных фондов обязательного медицинского страхования','16-848168',NULL),
 (425,'прочие: межбюджетные трансферты','прочие межбюджетные трансферты','16-848198',NULL),
 (426,'предоставление субсидий бюджетным, автономным учреждениям и иным некоммерческим организациям','предоставление субсидий бюджетным автономным учреждениям и иным некоммерческим организациям','16-1230754',NULL),
 (427,'предоставление субсидий бюджетным, автономным учреждениям и иным некоммерческим организациям_внутренние расчеты','предоставление субсидий бюджетным автономным учреждениям и иным некоммерческим организациям внутренние расчеты','16-1216772',NULL),
 (428,'субсидии бюджетным учреждениям','субсидии бюджетным учреждениям','16-1230755',NULL),
 (429,'субсидии бюджетным учреждениям_внутренние расчеты','субсидии бюджетным учреждениям внутренние расчеты','16-849168',NULL),
 (430,'субсидии бюджетным учреждениям на финансовое обеспечение государственного (муниципального) задания на оказание государственных (муниципальных) услуг (выполнение работ)','субсидии бюджетным учреждениям на финансовое обеспечение государственного муниципального задания на оказание  услуг','16-1234151',NULL),
 (431,'субсидии бюджетным учреждениям на иные цели','субсидии бюджетным учреждениям на иные цели','16-1230756',NULL),
 (432,'гранты в форме субсидии бюджетным учреждениям','гранты в форме субсидии бюджетным учреждениям','16-848128',NULL),
 (433,'субсидии автономным учреждениям','субсидии автономным учреждениям','16-1230762',NULL),
 (434,'субсидии автономным учреждениям_внутренние расчеты','субсидии автономным учреждениям внутренние расчеты','16-849163',NULL),
 (435,'субсидии автономным учреждениям на финансовое обеспечение государственного (муниципального) задания на оказание государственных (муниципальных) услуг (выполнение работ)','субсидии автономным учреждениям на финансовое обеспечение государственного (муниципального) задания на оказание государственных (муниципальных) услуг (выполнение работ)','16-1230784',NULL),
 (436,'субсидии автономным учреждениям на иные цели','субсидии автономным учреждениям на иные цели','16-1230763',NULL),
 (437,'гранты в форме субсидии автономным учреждениям','гранты в форме субсидии автономным учреждениям','16-848123',NULL),
 (438,'субсидии некоммерческим организациям (за исключением государственных (муниципальных) учреждений)','субсидии некоммерческим организациям','16-1230759',NULL),
 (439,'прочие: предоставление субсидий бюджетным, автономным учреждениям и иным некоммерческим организациям','прочие предоставление субсидий бюджетным автономным учреждениям и иным некоммерческим организациям','16-848174',NULL),
 (440,'обслуживание государственного (муниципального) долга','обслуживание государственного муниципального долга','16-848367',NULL),
 (441,'обслуживание государственного (муниципального) долга_внутренние расчеты','обслуживание государственного муниципального долга внутренние расчеты','16-849037',NULL),
 (442,'обслуживание государственного долга российской федерации','обслуживание государственного долга российской федерации','16-848361',NULL),
 (443,'обслуживание государственного долга субъекта российской федерации','обслуживание государственного долга субъекта','16-848135',NULL),
 (444,'обслуживание муниципального долга','обслуживание муниципального долга','16-848131',NULL),
 (445,'прочие: обслуживание государственного (муниципального) долга','прочие обслуживание государственного муниципального долга','16-848347',NULL),
 (446,'иные бюджетные ассигнования','иные бюджетные ассигнования','16-1230765',NULL),
 (447,'иные бюджетные ассигнования_внутренние расчеты','иные бюджетные ассигнования_внутренние расчеты','16-849038',NULL),
 (448,'субсидии юридическим лицам (кроме некоммерческих организаций), индивидуальным предпринимателям, физическим лицам - производителям товаров, работ, услуг','субсидии юридическим лицам индивидуальным предпринимателям, физическим лицам','16-848139',NULL),
 (449,'субсидии государственным корпорациям (компаниям)','субсидии государственным корпорациям компаниям','16-848335',NULL),
 (450,'субсидии государственным корпорациям (компаниям)_внутренние расчеты','субсидии государственным корпорациям компаниям внутренние расчеты','16-849165',NULL),
 (451,'субсидии государственным корпорациям (компаниям) в виде имущественного взноса','субсидии государственным компаниям в виде имущественного взноса','16-1230562',NULL),
 (452,'субсидии государственным корпорациям (компаниям) на выполнение возложенных на них государственных полномочий','субсидии государственным корпорациям компаниям на выполнение возложенных на них государственных полномочий','16-848103',NULL),
 (453,'субсидии государственным корпорациям (компаниям) на иные цели','субсидии государственным корпорациям компаниям на иные цели','16-848116',NULL),
 (454,'субсидии государственным корпорациям (компаниям) на иные цели','субсидии государственным компаниям на иные цели','16-1237939',NULL),
 (455,'исполнение судебных актов','исполнение судебных актов','16-1211838',NULL),
 (456,'исполнение судебных актов_внутренние расчеты','исполнение судебных актов внутренние расчеты','16-849188',NULL),
 (457,'исполнение судебных актов российской федерации и мировых соглашений по возмещению вреда, причиненного в результате незаконных действий (бездействия) органов государственной власти (государственных органов), органов местного самоуправления либо должностных лиц этих органов, а также в результате деятельности казенных учреждений','исполнение судебных актов и мировых соглашений по возмещению вреда причиненного в результате незаконных действий бездействия органов государственной власти','16-1201163',NULL),
 (458,'исполнение судебных актов судебных органов иностранных государств, международных судов и арбитражей, определяемых международными договорами российской федерации, в результате незаконных действий (бездействия) органов государственной власти (государственных органов) либо должностных лиц этих органов, мировых соглашений, заключенных в рамках судебных процессов в судебных органах иностранных государств, в международных судах и арбитражах','исполнение судебных актов судебных органов иностранных государств международных судов арбитражей определяемых международными договорами','16-848170',NULL),
 (459,'исполнение судебных актов российской федерации и мировых соглашений по делам о банкротстве и процедурам банкротства','исполнение судебных актов российской федерации и мировых соглашений по делам о банкротстве и процедурам банкротства','16-848350',NULL),
 (460,'исполнение государственных (муниципальных) гарантий без права регрессного требования гаранта к принципалу или уступки гаранту прав требования бенефициара к принципалу','исполнение государственных муниципальных гарантий без права регрессного требования гаранта к принципалу или уступки гаранту прав требования бенефициара к принципалу','16-848378',NULL),
 (461,'исполнение государственных (муниципальных) гарантий без права регрессного требования гаранта к принципалу или уступки гаранту прав требования бенефициара к принципалу_внутренние расчеты','исполнение государственных муниципальных гарантий без права регрессного требования гаранта к принципалу или уступки гаранту прав требования бенефициара к принципалу внутренние расчеты','16-849186',NULL),
 (462,'исполнение государственных гарантий российской федерации','исполнение государственных гарантий','16-848111',NULL),
 (463,'исполнение государственных гарантий субъекта российской федерации','исполнение государственных гарантий субъекта','16-848126',NULL),
 (464,'исполнение муниципальных гарантий','исполнение муниципальных гарантий','16-848122',NULL),
 (465,'уплата налогов, сборов и иных платежей','уплата налогов, сборов и иных платежей','16-1237818',NULL),
 (466,'уплата налогов, сборов и иных платежей_внутренние расчеты','уплата налогов сборов иных платежей внутренние расчеты','16-849184',NULL),
 (467,'уплата налога на имущество организаций и земельного налога','уплата налога на имущество организаций и земельного налога','16-1237819',NULL),
 (468,'уплата прочих налогов, сборов','уплата прочих налогов, сборов','16-1237820',NULL),
 (469,'уплата иных платежей','уплата иных платежей','16-849056',NULL),
 (470,'предоставление платежей, взносов, безвозмездных перечислений субъектам международного права','предоставление платежей взносов безвозмездных перечислений субъектам международного права','16-1230773',NULL),
 (471,'предоставление платежей, взносов, безвозмездных перечислений субъектам международного права_внутренние расчеты','предоставление платежей взносов безвозмездных перечислений субъектам международного права внутренние расчеты','16-849191',NULL),
 (472,'безвозмездные перечисления субъектам международного права','безвозмездные перечисления субъектам международного права','16-848097',NULL),
 (473,'взносы в международные организации','взносы в международные организации','16-1230107',NULL),
 (474,'платежи в целях обеспечения реализации соглашений по обязательствам российской федерации перед иностранными государствами и международными организациями','платежи в целях обеспечения реализации соглашений по обязательствам перед иностранными государствами и международными организациями','16-848094',NULL),
 (475,'резервные средства','резервные средства','16-848360',NULL),
 (476,'специальные расходы','специальные расходы','16-1233902',NULL),
 (477,'прочие: иные бюджетные ассигнования','прочие иные бюджетные ассигнования','16-848176',NULL),
 (478,'условно утвержденные расходы','условно утвержденные расходы','16-848369',NULL),
 (479,'объем чистых кассовых расходов','объем чистых кассовых расходов','03-4',NULL),
 (480,'плановый объем расходов','плановый объем расходов','03-3',NULL),
 (481,'отклонения кассового исполнения от росписи','отклонения кассового исполнения от росписи','PFDEVEX',NULL),
 (482,'процент кассового исполнения к росписи','процент кассового исполнения к росписи','PFPERCENTEX',NULL),
 (483,'доля в общем объеме расходов','доля в общем объеме расходов','EXPERCENT',NULL);
INSERT INTO `dimension_value` (value_id,dimension_id) VALUES (2,1),
 (3,1),
 (4,1),
 (5,1),
 (6,1),
 (7,1),
 (8,1),
 (9,1),
 (10,1),
 (11,1),
 (12,1),
 (13,1),
 (14,1),
 (15,1),
 (16,1),
 (17,1),
 (18,1),
 (19,1),
 (20,1),
 (21,1),
 (22,1),
 (23,1),
 (24,1),
 (25,1),
 (26,1),
 (27,1),
 (28,1),
 (29,1),
 (30,1),
 (31,1),
 (32,1),
 (33,1),
 (34,1),
 (35,1),
 (36,1),
 (37,1),
 (38,1),
 (39,1),
 (40,1),
 (41,1),
 (42,1),
 (43,1),
 (44,1),
 (45,1),
 (46,1),
 (47,1),
 (48,1),
 (49,1),
 (50,1),
 (51,1),
 (52,1),
 (53,1),
 (54,1),
 (55,1),
 (56,1),
 (57,1),
 (58,1),
 (59,1),
 (60,1),
 (61,1),
 (62,1),
 (64,1),
 (65,1),
 (66,1),
 (67,1),
 (68,1),
 (69,1),
 (70,1),
 (71,1),
 (72,1),
 (73,1),
 (74,1),
 (75,1),
 (76,1),
 (77,1),
 (78,1),
 (79,1),
 (80,1),
 (81,1),
 (82,1),
 (83,1),
 (84,1),
 (85,1),
 (86,1),
 (87,1),
 (88,1),
 (89,1),
 (90,1),
 (91,1),
 (92,1),
 (93,1),
 (94,1),
 (95,1),
 (96,1),
 (97,1),
 (98,1),
 (99,1),
 (100,1),
 (101,1),
 (102,1),
 (103,1),
 (104,1),
 (105,1),
 (150,2),
 (151,2),
 (152,2),
 (153,2),
 (154,2),
 (155,2),
 (156,2),
 (157,2),
 (158,2),
 (159,2),
 (160,2),
 (161,2),
 (162,2),
 (163,2),
 (164,2),
 (165,2),
 (166,2),
 (167,2),
 (168,2),
 (169,2),
 (170,2),
 (171,3),
 (172,3),
 (173,3),
 (174,3),
 (175,3),
 (176,3),
 (177,3),
 (178,3),
 (179,3),
 (180,3),
 (181,3),
 (182,3),
 (183,3),
 (184,3),
 (185,3),
 (186,3),
 (187,3),
 (188,3),
 (189,3),
 (190,3),
 (191,3),
 (192,3),
 (193,3),
 (194,3),
 (195,3),
 (196,3),
 (197,3),
 (198,3),
 (199,3),
 (200,3),
 (201,3),
 (202,3),
 (203,3),
 (204,3),
 (205,3),
 (206,3),
 (207,3),
 (208,3),
 (209,3),
 (210,3),
 (211,3),
 (212,3),
 (213,3),
 (214,3),
 (215,3),
 (216,3),
 (217,3),
 (218,3),
 (219,3),
 (220,3),
 (221,3),
 (222,3),
 (223,3),
 (224,3),
 (225,3),
 (226,3),
 (227,3),
 (228,3),
 (229,3),
 (230,3),
 (231,3),
 (232,3),
 (233,3),
 (234,3),
 (235,3),
 (236,3),
 (237,3),
 (238,3),
 (239,3),
 (240,3),
 (241,3),
 (242,3),
 (243,3),
 (244,3),
 (245,3),
 (246,3),
 (247,3),
 (248,3),
 (249,3),
 (250,3),
 (251,3),
 (252,3),
 (253,3),
 (254,3),
 (255,3),
 (256,3),
 (257,3),
 (258,3),
 (259,3),
 (260,3),
 (261,3),
 (262,3),
 (263,3),
 (264,3),
 (265,3),
 (266,3),
 (267,3),
 (268,3),
 (269,3),
 (270,3),
 (271,3),
 (272,3),
 (273,3),
 (274,3),
 (275,3),
 (276,3),
 (277,3),
 (278,3),
 (279,3),
 (280,3),
 (281,3),
 (282,3),
 (283,3),
 (284,3),
 (285,3),
 (286,3),
 (292,6),
 (293,6),
 (294,6),
 (295,6),
 (296,6),
 (297,6),
 (298,6),
 (299,6),
 (300,6),
 (301,6),
 (302,6),
 (303,6),
 (304,6),
 (305,6),
 (306,6),
 (307,6),
 (308,6),
 (309,6),
 (310,6),
 (311,6),
 (312,6),
 (313,6),
 (314,6),
 (315,6),
 (316,6),
 (317,6),
 (318,6),
 (319,6),
 (320,6),
 (321,6),
 (322,6),
 (323,6),
 (324,6),
 (325,6),
 (326,6),
 (327,6),
 (328,6),
 (329,6),
 (330,6),
 (331,6),
 (332,6),
 (333,6),
 (334,6),
 (335,6),
 (336,6),
 (337,6),
 (338,6),
 (339,6),
 (340,6),
 (341,6),
 (342,6),
 (343,6),
 (344,6),
 (345,6),
 (346,6),
 (347,6),
 (348,6),
 (349,6),
 (350,6),
 (351,6),
 (352,6),
 (353,6),
 (354,6),
 (355,6),
 (356,6),
 (357,6),
 (358,6),
 (359,6),
 (360,6),
 (361,6),
 (362,6),
 (363,6),
 (364,6),
 (365,6),
 (366,6),
 (367,6),
 (368,6),
 (369,6),
 (370,6),
 (371,6),
 (372,6),
 (373,6),
 (374,6),
 (375,6),
 (376,6),
 (377,6),
 (378,6),
 (379,6),
 (380,6),
 (381,6),
 (382,6),
 (383,6),
 (384,6),
 (385,6),
 (386,6),
 (387,6),
 (388,6),
 (389,6),
 (390,6),
 (391,6),
 (392,6),
 (393,6),
 (394,6),
 (395,6),
 (396,6),
 (397,6),
 (398,6),
 (399,6),
 (400,6),
 (401,6),
 (402,6),
 (403,6),
 (404,6),
 (405,6),
 (406,6),
 (407,6),
 (408,6),
 (409,6),
 (410,6),
 (411,6),
 (412,6),
 (413,6),
 (414,6),
 (415,6),
 (416,6),
 (417,6),
 (418,6),
 (419,6),
 (420,6),
 (421,6),
 (422,6),
 (423,6),
 (424,6),
 (425,6),
 (426,6),
 (427,6),
 (428,6),
 (429,6),
 (430,6),
 (431,6),
 (432,6),
 (433,6),
 (434,6),
 (435,6),
 (436,6),
 (437,6),
 (438,6),
 (439,6),
 (440,6),
 (441,6),
 (442,6),
 (443,6),
 (444,6),
 (445,6),
 (446,6),
 (447,6),
 (448,6),
 (449,6),
 (450,6),
 (451,6),
 (452,6),
 (453,6),
 (454,6),
 (455,6),
 (456,6),
 (457,6),
 (458,6),
 (459,6),
 (460,6),
 (461,6),
 (462,6),
 (463,6),
 (464,6),
 (465,6),
 (466,6),
 (467,6),
 (468,6),
 (469,6),
 (470,6),
 (471,6),
 (472,6),
 (473,6),
 (474,6),
 (475,6),
 (476,6),
 (477,6),
 (478,6),
 (487,5),
 (479,5),
 (480,5),
 (481,5),
 (482,5),
 (483,5);
INSERT INTO `dimension` (id,label) VALUES (1,'TERRITORIES'),
 (2,'BGLEVELS'),
 (3,'RZPR'),
 (5,'MARKS'),
 (6,'KVR');
INSERT INTO `cube_value` (cube_id,value_id) VALUES (1,1);
INSERT INTO `cube_dimension` (dimension_id,cube_id) VALUES (1,1),
 (2,1),
 (3,1),
 (6,1),
 (5,1);
INSERT INTO `cube` (id,name,tags) VALUES (1,'EXDO01','Расходы_Оперативные в разрезе территорий, уровней бюджета и РзПр');
COMMIT;
